scenario,callsign,aircraft_type,random_seed,cas_percentile_rank,rocd_percentile_rank,rocd_cl_actual_fpm,rocd_des_actual_fpm,rocd_from_traj_fpm,cas_cr_actual_kt,cas_cl_actual_kt,cas_des_actual_kt
test5,EZY1428,REGIONAL,13312,14.431287693540828,66.13963333741862,3655.541242063953,-3655.541242063953,-414.9533301802415,277.03352533237256,257.03352533237256,267.03352533237256
test5,EZY2648,REGIONAL,14021,3.330583716904434,81.76086009768122,3809.738921631714,-3809.738921631714,899.5216898297116,275.7181743641693,255.71817436416927,265.7181743641693
test5,AAL3008,MEDIUM,14891,64.37940670625531,62.71230081165302,2622.323446355175,-2622.323446355175,,308.76923908601196,288.76923908601196,298.76923908601196
test5,TOM8141,TURBOPROP,23464,54.84791970388437,56.64894628938028,1531.931662441892,-1531.931662441892,,240.93099168292758,210.93099168292758,230.93099168292758
test5,BAW4434,HEAVY,61205,28.835300760230233,1.0410997002216704,1505.6459284604082,-1505.6459284604082,-703.8226529488795,325.9086534308933,305.9086534308933,315.9086534308933
test5,VIR3871,MEDIUM,29902,4.681954328469762,69.31089235198739,2686.430009397009,-2686.430009397009,1101.807699706598,311.0061399446809,291.0061399446809,301.0061399446809
test5,VIR6652,MEDIUM,43356,74.41250706082965,19.25189171391093,2200.443750645749,-2200.443750645749,-538.6978476684817,323.73020247457026,303.73020247457026,313.73020247457026
test5,GDJAD,LIGHT,51997,83.31125661891566,17.59454903133757,841.8816832918378,-841.8816832918378,155.70852449598127,197.5078034398165,177.5078034398165,187.5078034398165
