scenario,callsign,aircraft_type,random_seed,cas_percentile_rank,rocd_percentile_rank,rocd_cl_actual_fpm,rocd_des_actual_fpm,rocd_from_traj_fpm,cas_cr_actual_kt,cas_cl_actual_kt,cas_des_actual_kt
test4,SAS3925,TURBOPROP,27257,73.39762107463474,75.32699388099257,1622.7732832827578,-1622.7732832827578,,244.53008239881248,214.53008239881248,234.53008239881248
test4,AAL6995,LIGHT,6008,92.76787282979024,48.539960362310765,992.9926721931329,-992.9926721931329,,208.45542098307666,188.45542098307666,198.45542098307666
test4,EZY3091,MEDIUM,53120,50.370619899933786,4.179736974032366,2044.9671231330406,-2044.9671231330406,-1139.3388257455317,320.071148084715,300.071148084715,310.071148084715
test4,DLH7069,MEDIUM,57355,4.029965582725003,60.6253169627292,2602.164599115104,-2602.164599115104,,300.86744312957177,280.86744312957177,290.86744312957177
test4,DLH5189,TURBOPROP,61803,64.37455226544728,62.008365425793954,1557.7593798103894,-1557.7593798103894,323.4691608349507,242.76829820556512,212.76829820556512,232.76829820556512
test4,AAL4615,REGIONAL,870,24.475061481660187,44.503396030727,3447.2163227236197,-3447.2163227236197,,289.04989678172717,269.04989678172717,279.04989678172717
test4,UAL4813,TURBOPROP,30719,91.53178774056259,28.249497156723223,1394.8437678098146,-1394.8437678098146,315.5003760522013,248.19664879219584,218.19664879219584,238.19664879219584
test4,EZY6205,REGIONAL,29649,61.54017627008555,33.91026991471087,3344.9435656470696,-3344.9435656470696,2077.3860039281303,296.2199185058721,276.2199185058721,286.2199185058721
