scenario,callsign,aircraft_type,random_seed,cas_percentile_rank,rocd_percentile_rank,rocd_cl_actual_fpm,rocd_des_actual_fpm,rocd_from_traj_fpm,cas_cr_actual_kt,cas_cl_actual_kt,cas_des_actual_kt
test3,BAW8552,MEDIUM,32015,76.0284703037391,48.51955334801262,2485.7894480629143,-2485.7894480629143,,307.0498347317108,287.0498347317108,297.0498347317108
test3,UAL3039,TURBOPROP,20507,64.36146538369611,23.344368326548036,1370.6442760831972,-1370.6442760831972,,242.76576175625962,212.76576175625962,232.76576175625962
test3,RYR3078,MEDIUM,27558,48.73625622775861,86.86907664933808,2861.617034105,-2861.617034105,-1484.5983109267067,319.7573930477437,299.7573930477437,309.7573930477437
test3,UAL6878,MEDIUM,7618,94.47430633020784,66.03706714573276,2654.5448559280558,-2654.5448559280558,893.2354728478084,327.81501107147955,307.81501107147955,317.81501107147955
test3,KLM2102,MEDIUM,23067,56.51694665126888,94.61089058115128,2942.1957467551088,-2942.1957467551088,1772.861539711366,321.2518758104987,301.2518758104987,311.2518758104987
