scenario,callsign,aircraft_type,random_seed,cas_percentile_rank,rocd_percentile_rank,rocd_cl_actual_fpm,rocd_des_actual_fpm,rocd_from_traj_fpm,cas_cr_actual_kt,cas_cl_actual_kt,cas_des_actual_kt
test1,SAS8743,TURBOPROP,57018,12.501674717481704,61.542373456494495,1555.508572668252,-1555.508572668252,,232.63854888380126,202.63854888380126,222.63854888380126
test1,SAS1805,REGIONAL,9354,45.660231803222885,50.0736124400889,3500.706569387348,-3500.706569387348,,291.1666532437609,271.1666532437609,281.1666532437609
test1,UAL9731,REGIONAL,16659,65.56246126425314,74.83035703028172,3740.636640916698,-3740.636640916698,,300.9987249264878,280.9987249264878,290.9987249264878
