scenario,callsign,aircraft_type,random_seed,cas_percentile_rank,rocd_percentile_rank,rocd_cl_actual_fpm,rocd_des_actual_fpm,rocd_from_traj_fpm,cas_cr_actual_kt,cas_cl_actual_kt,cas_des_actual_kt
test2,AFR7814,HEAVY,57516,65.08077420453868,14.653338933592842,1576.9700181874705,-1576.9700181874705,,314.90524258221586,294.90524258221586,304.90524258221586
test2,KLM5545,LIGHT,4822,87.52379863102423,45.95395775732476,980.5771391957005,-980.5771391957005,,207.36668421655227,187.36668421655227,197.36668421655227
test2,AFR7167,MEDIUM,930,95.16172522285997,79.7739163685218,2789.790511060793,-2789.790511060793,,320.96067062194516,300.96067062194516,310.96067062194516
test2,KLM4224,REGIONAL,60200,5.605753900029908,73.85637636293384,3731.0242296749025,-3731.0242296749025,,283.2019226598032,263.2019226598032,273.2019226598032
test2,BAW1358,LIGHT,37803,13.897460856661336,44.87332240301291,975.3858431620557,-975.3858431620557,,192.92453333954867,172.92453333954867,182.92453333954867
